Geocodigo;Nome;UF;Frequencia;Impacto;Vulnerabilidade
4300034;Aceguá;RS;Baixa;Baixo;C - Baixa
4300059;Água Santa;RS;Alta;Médio;A - Alta
4300208;Ajuricaba;RS;Alta;Médio;A - Alta
4300406;Alegrete;RS;Alta;Alto;A - Alta
4300455;Alegria;RS;Baixa;Baixo;C - Baixa
4300505;Alpestre;RS;Alta;Alto;A - Alta
4300554;Alto Alegre;RS;Média;Baixo;C - Baixa
4300604;Alvorada;RS;Alta;Alto;A - Alta
4300703;Anta Gorda;RS;Média;Alto;A - Alta
4300851;Arambaré;RS;Baixa;Alto;A - Alta
4300901;Aratiba;RS;Alta;Baixo;B - Média
4301008;Arroio do Meio;RS;Alta;Alto;A - Alta
4301305;Arroio Grande;RS;Alta;Baixo;B - Média
4301602;Bagé;RS;Média;Médio;B - Média
4301859;Barra do Guarita;RS;Alta;Médio;A - Alta
4301875;Barra do Quaraí;RS;Alta;Baixo;B - Média
4301909;Barra do Ribeiro;RS;Alta;Médio;A - Alta
4302352;Bom Princípio;RS;Alta;Alto;A - Alta
4302709;Butiá;RS;Baixa;Alto;A - Alta
4302907;Cacequi;RS;Baixa;Baixo;C - Baixa
4303004;Cachoeira do Sul;RS;Alta;Baixo;B - Média
4303103;Cachoeirinha;RS;Alta;Alto;A - Alta
4303202;Cacique Doble;RS;Alta;Alto;A - Alta
4303400;Caiçara;RS;Alta;Baixo;B - Média
4303509;Camaquã;RS;Alta;Alto;A - Alta
4303707;Campina das Missões;RS;Baixa;Baixo;B - Média
4303905;Campo Bom;RS;Alta;Alto;A - Alta
4304002;Campo Novo;RS;Baixa;Baixo;C - Baixa
4304200;Candelária;RS;Alta;Alto;A - Alta
4304507;Canguçu;RS;Alta;Baixo;B - Média
4304606;Canoas;RS;Alta;Alto;A - Alta
4304614;Canudos do Vale;RS;Baixa;Baixo;C - Baixa
4304689;Capela de Santana;RS;Alta;Alto;A - Alta
4304713;Caraá;RS;Baixa;Baixo;C - Baixa
4305355;Charqueadas;RS;Baixa;Alto;A - Alta
4305439;Chuí;RS;Baixa;Baixo;C - Baixa
4306007;Crissiumal;RS;Média;Médio;B - Média
4306056;Cristal;RS;Alta;Alto;A - Alta
4306205;Cruzeiro do Sul;RS;Alta;Alto;A - Alta
4306353;Dezesseis de Novembro;RS;Baixa;Baixo;B - Média
4306601;Dom Pedrito;RS;Alta;Alto;A - Alta
4306734;Doutor Maurício Cardoso;RS;Média;Médio;B - Média
4306767;Eldorado do Sul;RS;Baixa;Alto;A - Alta
4306809;Encantado;RS;Alta;Alto;A - Alta
4306932;Entre-Ijuís;RS;Média;Alto;A - Alta
4307054;Ernestina;RS;Baixa;Baixo;C - Baixa
4307203;Erval Grande;RS;Alta;Baixo;B - Média
4307500;Espumoso;RS;Alta;Alto;A - Alta
4307609;Estância Velha;RS;Alta;Alto;A - Alta
4307708;Esteio;RS;Alta;Alto;A - Alta
4308102;Feliz;RS;Alta;Alto;A - Alta
4308409;Formigueiro;RS;Baixa;Baixo;C - Baixa
4308433;Forquetinha;RS;Baixa;Baixo;C - Baixa
4308656;Garruchos;RS;Alta;Baixo;B - Média
4308805;General Câmara;RS;Alta;Médio;A - Alta
4309126;Gramado dos Loureiros;RS;Alta;Alto;A - Alta
4309209;Gravataí;RS;Alta;Alto;A - Alta
4309407;Guaporé;RS;Baixa;Médio;B - Média
4309506;Guarani das Missões;RS;Baixa;Baixo;C - Baixa
4309555;Harmonia;RS;Alta;Alto;A - Alta
4309753;Ibarama;RS;Média;Alto;A - Alta
4310108;Igrejinha;RS;Alta;Alto;A - Alta
4310207;Ijuí;RS;Média;Baixo;C - Baixa
4310405;Independência;RS;Baixa;Baixo;C - Baixa
4310504;Iraí;RS;Alta;Alto;A - Alta
4310603;Itaqui;RS;Alta;Alto;A - Alta
4310652;Itati;RS;Alta;Baixo;B - Média
4310801;Ivoti;RS;Alta;Alto;A - Alta
4311106;Jaguari;RS;Média;Alto;A - Alta
4311403;Lajeado;RS;Baixa;Alto;A - Alta
4311502;Lavras do Sul;RS;Média;Médio;B - Média
4311718;Maçambara;RS;Baixa;Baixo;C - Baixa
4311759;Manoel Viana;RS;Baixa;Alto;A - Alta
4311775;Maquiné;RS;Baixa;Alto;A - Alta
4311908;Marcelino Ramos;RS;Alta;Alto;A - Alta
4312054;Marques de Souza;RS;Média;Alto;A - Alta
4312252;Minas do Leão;RS;Baixa;Alto;A - Alta
4312401;Montenegro;RS;Alta;Alto;A - Alta
4312609;Muçum;RS;Baixa;Baixo;C - Baixa
4312674;Nicolau Vergueiro;RS;Baixa;Baixo;C - Baixa
4312708;Nonoai;RS;Alta;Baixo;B - Média
4313102;Nova Palma;RS;Média;Alto;A - Alta
4313201;Nova Petrópolis;RS;Alta;Alto;A - Alta
4313375;Nova Santa Rita;RS;Alta;Alto;A - Alta
4313409;Novo Hamburgo;RS;Alta;Alto;A - Alta
4313508;Osório;RS;Baixa;Baixo;C - Baixa
4313607;Paim Filho;RS;Alta;Alto;A - Alta
4313904;Panambi;RS;Média;Baixo;C - Baixa
4313953;Pantano Grande;RS;Média;Alto;A - Alta
4314027;Paraíso do Sul;RS;Baixa;Médio;B - Média
4314050;Parobé;RS;Alta;Alto;A - Alta
4314209;Pedro Osório;RS;Alta;Alto;A - Alta
4314407;Pelotas;RS;Alta;Alto;A - Alta
4314498;Pinheirinho do Vale;RS;Alta;Médio;A - Alta
4314605;Piratini;RS;Alta;Alto;A - Alta
4314803;Portão;RS;Alta;Alto;A - Alta
4314902;Porto Alegre;RS;Alta;Alto;A - Alta
4315008;Porto Lucena;RS;Alta;Alto;A - Alta
4315057;Porto Mauá;RS;Alta;Alto;A - Alta
4315073;Porto Vera Cruz;RS;Alta;Alto;A - Alta
4315107;Porto Xavier;RS;Alta;Alto;A - Alta
4315305;Quaraí;RS;Alta;Alto;A - Alta
4315503;Restinga Seca;RS;Média;Alto;A - Alta
4315602;Rio Grande;RS;Alta;Alto;A - Alta
4315701;Rio Pardo;RS;Alta;Alto;A - Alta
4315800;Roca Sales;RS;Alta;Alto;A - Alta
4316006;Rolante;RS;Média;Alto;A - Alta
4316303;Roque Gonzales;RS;Baixa;Baixo;B - Média
4316402;Rosário do Sul;RS;Alta;Alto;A - Alta
4316451;Salto do Jacuí;RS;Média;Baixo;C - Baixa
4316477;Salvador das Missões;RS;Baixa;Baixo;B - Média
4316808;Santa Cruz do Sul;RS;Média;Alto;A - Alta
4316907;Santa Maria;RS;Média;Baixo;C - Baixa
4317004;Santana da Boa Vista;RS;Média;Médio;B - Média
4317202;Santa Rosa;RS;Média;Alto;A - Alta
4317251;Santa Tereza;RS;Alta;Médio;A - Alta
4317509;Santo Ângelo;RS;Média;Alto;A - Alta
4317608;Santo Antônio da Patrulha;RS;Baixa;Baixo;C - Baixa
4318002;São Borja;RS;Alta;Baixo;B - Média
4318309;São Gabriel;RS;Média;Alto;A - Alta
4318408;São Jerônimo;RS;Alta;Baixo;B - Média
4318432;São João do Polêsine;RS;Alta;Baixo;B - Média
4318499;São José do Inhacorá;RS;Baixa;Baixo;C - Baixa
4318705;São Leopoldo;RS;Alta;Alto;A - Alta
4318804;São Lourenço do Sul;RS;Alta;Alto;A - Alta
4319406;São Pedro do Sul;RS;Baixa;Baixo;C - Baixa
4319505;São Sebastião do Caí;RS;Alta;Alto;A - Alta
4319604;São Sepé;RS;Alta;Alto;A - Alta
4320008;Sapucaia do Sul;RS;Alta;Alto;A - Alta
4320552;Sertão Santana;RS;Baixa;Baixo;C - Baixa
4320578;Sete de Setembro;RS;Baixa;Baixo;C - Baixa
4320677;Sinimbu;RS;Média;Alto;A - Alta
4321006;Tapera;RS;Alta;Alto;A - Alta
4321204;Taquara;RS;Alta;Alto;A - Alta
4321436;Terra de Areia;RS;Alta;Baixo;B - Média
4321477;Tiradentes do Sul;RS;Média;Médio;B - Média
4321493;Toropi;RS;Baixa;Baixo;C - Baixa
4321626;Travesseiro;RS;Média;Alto;A - Alta
4321709;Três Coroas;RS;Alta;Alto;A - Alta
4321832;Três Forquilhas;RS;Alta;Baixo;B - Média
4321956;Trindade do Sul;RS;Alta;Baixo;B - Média
4322004;Triunfo;RS;Alta;Médio;A - Alta
4322103;Tucunduva;RS;Baixa;Baixo;C - Baixa
4322251;Tupandi;RS;Alta;Alto;A - Alta
4322327;Turuçu;RS;Baixa;Alto;A - Alta
4322525;Vale Verde;RS;Alta;Baixo;B - Média
4322541;Vale Real;RS;Alta;Alto;A - Alta
4322608;Venâncio Aires;RS;Alta;Médio;A - Alta
4322707;Vera Cruz;RS;Média;Alto;A - Alta
4323101;Vicente Dutra;RS;Alta;Médio;A - Alta
4323457;Vila Nova do Sul;RS;Média;Baixo;C - Baixa
4323705;Vista Gaúcha;RS;Baixa;Baixo;B - Média
