,Código,cobacia,Rio,Área mont. (km²),Ano Ini,Ano Fim,Período (anos),Operando,Selecionada,Position,drn_pk,cotrecho,noorigem,nodestino,cocursodag,nucomptrec,nudistbact,nudistcdag,nuareacont,nuareamont,nogenerico,noligacao,noespecif,noriocomp,nooriginal,cocdadesag,nutrjus,nudistbacc,nuareabacc,nuordemcda,nucompcda,nunivotto,nunivotcda,nustrahler,dedominial,dsversao,cobacia_50k,geometry,nuareamont_log,linewidth,codigo,codalt,nome,rio,respon,operad,dini,dfim,anoini,anofim,emoper,adkm2,pcBrut,pcCons,pcFalh,nanoSF,nSF10pf,qmlt,qmin,qmax,q99,q95,q90,q80,q70,q60,q50,q40,q30,q20,q10,cvano,cvsaz,q95jan,q95fev,q95mar,q95abr,q95mai,q95jun,q95jul,q95ago,q95set,q95out,q95nov,q95dez,qmltjan,qmltfev,qmltmar,qmltabr,qmltmai,qmltjun,qmltjul,qmltago,qmltset,qmltout,qmltnov,qmltdez,q95espjan,q95espfev,q95espmar,q95espabr,q95espmai,q95espjun,q95espjul,q95espago,q95espset,q95espout,q95espnov,q95espdez,q95esp,qmltespjan,qmltespfev,qmltespmar,qmltespabr,qmltespmai,qmltespjun,qmltespjul,qmltespago,qmltespset,qmltespout,qmltespnov,qmltespdez,qmltesp,q710weimml,q710gummml,q710gevmml,q3010weimm,q3010gummm,q3010gevmm,qmxgevmmlt,qmxlp3mmlt,qmxgummmlt,qmxln2mmlt,qmxgevmml1,qmxlp3mml1,qmxgummml1,qmxln2mml1,qmxgevmml2,qmxlp3mml2,qmxgummml2,qmxln2mml2,qmxgevmml3,qmxlp3mml3,qmxgummml3,qmxln2mml3,mesinianoh,mesmax,mesmin,bimmax,bimmin,trimax,trimin,quamax,quamin,semmax,semmin,sthref,geometry_st,period
0,86895000.0,786151,RIO TAQUARI,24660.15,1959.0,2014.0,55.0,sim,X,up,,,,,,,,,,,,,,,,,,,,,,,,,,,,,,,,,,,,,,,,,,,,,,,,,,,,,,,,,,,,,,,,,,,,,,,,,,,,,,,,,,,,,,,,,,,,,,,,,,,,,,,,,,,,,,,,,,,,,,,,,,,,,,,,,,,,,,,,,,,,,,,,,,,,,
1,86745000.0,7862411,RIO FORQUETA,792.19,1957.0,2018.0,61.0,sim,,up,,,,,,,,,,,,,,,,,,,,,,,,,,,,,,,,,,,,,,,,,,,,,,,,,,,,,,,,,,,,,,,,,,,,,,,,,,,,,,,,,,,,,,,,,,,,,,,,,,,,,,,,,,,,,,,,,,,,,,,,,,,,,,,,,,,,,,,,,,,,,,,,,,,,,
2,86720000.0,78637,RIO TAQUARI,19137.55,1941.0,2018.0,77.0,sim,,up,,,,,,,,,,,,,,,,,,,,,,,,,,,,,,,,,,,,,,,,,,,,,,,,,,,,,,,,,,,,,,,,,,,,,,,,,,,,,,,,,,,,,,,,,,,,,,,,,,,,,,,,,,,,,,,,,,,,,,,,,,,,,,,,,,,,,,,,,,,,,,,,,,,,,
3,86700000.0,786383,ARROIO JACARÉ,441.24,1943.0,2015.0,72.0,nao,,up,,,,,,,,,,,,,,,,,,,,,,,,,,,,,,,,,,,,,,,,,,,,,,,,,,,,,,,,,,,,,,,,,,,,,,,,,,,,,,,,,,,,,,,,,,,,,,,,,,,,,,,,,,,,,,,,,,,,,,,,,,,,,,,,,,,,,,,,,,,,,,,,,,,,,
4,86580000.0,786411,RIO GUAPORÉ,2488.62,1940.0,2018.0,78.0,sim,,up,,,,,,,,,,,,,,,,,,,,,,,,,,,,,,,,,,,,,,,,,,,,,,,,,,,,,,,,,,,,,,,,,,,,,,,,,,,,,,,,,,,,,,,,,,,,,,,,,,,,,,,,,,,,,,,,,,,,,,,,,,,,,,,,,,,,,,,,,,,,,,,,,,,,,
5,86560000.0,7864135,RIO GUAPORÉ,2031.18,1939.0,2018.0,79.0,sim,,up,,,,,,,,,,,,,,,,,,,,,,,,,,,,,,,,,,,,,,,,,,,,,,,,,,,,,,,,,,,,,,,,,,,,,,,,,,,,,,,,,,,,,,,,,,,,,,,,,,,,,,,,,,,,,,,,,,,,,,,,,,,,,,,,,,,,,,,,,,,,,,,,,,,,,
6,86510000.0,78651,RIO TAQUARI,16047.25,1940.0,2018.0,78.0,sim,,up,,,,,,,,,,,,,,,,,,,,,,,,,,,,,,,,,,,,,,,,,,,,,,,,,,,,,,,,,,,,,,,,,,,,,,,,,,,,,,,,,,,,,,,,,,,,,,,,,,,,,,,,,,,,,,,,,,,,,,,,,,,,,,,,,,,,,,,,,,,,,,,,,,,,,
7,86500000.0,7866513,RIO CARREIRO,1825.37,1939.0,2018.0,79.0,sim,,up,,,,,,,,,,,,,,,,,,,,,,,,,,,,,,,,,,,,,,,,,,,,,,,,,,,,,,,,,,,,,,,,,,,,,,,,,,,,,,,,,,,,,,,,,,,,,,,,,,,,,,,,,,,,,,,,,,,,,,,,,,,,,,,,,,,,,,,,,,,,,,,,,,,,,
8,86480000.0,786659,RIO CARREIRO,1278.99,1952.0,2018.0,66.0,sim,,up,,,,,,,,,,,,,,,,,,,,,,,,,,,,,,,,,,,,,,,,,,,,,,,,,,,,,,,,,,,,,,,,,,,,,,,,,,,,,,,,,,,,,,,,,,,,,,,,,,,,,,,,,,,,,,,,,,,,,,,,,,,,,,,,,,,,,,,,,,,,,,,,,,,,,
9,86470000.0,78675,RIO DAS ANTAS,12532.98,1970.0,2008.0,38.0,nao,,up,,,,,,,,,,,,,,,,,,,,,,,,,,,,,,,,,,,,,,,,,,,,,,,,,,,,,,,,,,,,,,,,,,,,,,,,,,,,,,,,,,,,,,,,,,,,,,,,,,,,,,,,,,,,,,,,,,,,,,,,,,,,,,,,,,,,,,,,,,,,,,,,,,,,,
10,86440000.0,786813,RIO PRATA,3653.85,1938.0,2007.0,69.0,nao,,up,,,,,,,,,,,,,,,,,,,,,,,,,,,,,,,,,,,,,,,,,,,,,,,,,,,,,,,,,,,,,,,,,,,,,,,,,,,,,,,,,,,,,,,,,,,,,,,,,,,,,,,,,,,,,,,,,,,,,,,,,,,,,,,,,,,,,,,,,,,,,,,,,,,,,
11,86420000.0,786821,RIO PRATA,541.66,1959.0,2018.0,59.0,sim,,up,,,,,,,,,,,,,,,,,,,,,,,,,,,,,,,,,,,,,,,,,,,,,,,,,,,,,,,,,,,,,,,,,,,,,,,,,,,,,,,,,,,,,,,,,,,,,,,,,,,,,,,,,,,,,,,,,,,,,,,,,,,,,,,,,,,,,,,,,,,,,,,,,,,,,
12,86410000.0,786833,RIO TURVO,2860.65,1956.0,2018.0,62.0,sim,,up,,,,,,,,,,,,,,,,,,,,,,,,,,,,,,,,,,,,,,,,,,,,,,,,,,,,,,,,,,,,,,,,,,,,,,,,,,,,,,,,,,,,,,,,,,,,,,,,,,,,,,,,,,,,,,,,,,,,,,,,,,,,,,,,,,,,,,,,,,,,,,,,,,,,,
13,86160000.0,7869631,RIO TAINHAS,1185.97,1940.0,2018.0,78.0,sim,,up,,,,,,,,,,,,,,,,,,,,,,,,,,,,,,,,,,,,,,,,,,,,,,,,,,,,,,,,,,,,,,,,,,,,,,,,,,,,,,,,,,,,,,,,,,,,,,,,,,,,,,,,,,,,,,,,,,,,,,,,,,,,,,,,,,,,,,,,,,,,,,,,,,,,,
14,86100000.0,786973,RIO DAS ANTAS,1867.79,1940.0,2018.0,78.0,sim,,up,,,,,,,,,,,,,,,,,,,,,,,,,,,,,,,,,,,,,,,,,,,,,,,,,,,,,,,,,,,,,,,,,,,,,,,,,,,,,,,,,,,,,,,,,,,,,,,,,,,,,,,,,,,,,,,,,,,,,,,,,,,,,,,,,,,,,,,,,,,,,,,,,,,,,
15,85900000.0,78733,RIO JACUÍ,38829.43,1939.0,2018.0,79.0,sim,X,up,,,,,,,,,,,,,,,,,,,,,,,,,,,,,,,,,,,,,,,,,,,,,,,,,,,,,,,,,,,,,,,,,,,,,,,,,,,,,,,,,,,,,,,,,,,,,,,,,,,,,,,,,,,,,,,,,,,,,,,,,,,,,,,,,,,,,,,,,,,,,,,,,,,,,
16,85830000.0,7874251,RIO PARDINHO,788.31,1978.0,2018.0,40.0,sim,,up,,,,,,,,,,,,,,,,,,,,,,,,,,,,,,,,,,,,,,,,,,,,,,,,,,,,,,,,,,,,,,,,,,,,,,,,,,,,,,,,,,,,,,,,,,,,,,,,,,,,,,,,,,,,,,,,,,,,,,,,,,,,,,,,,,,,,,,,,,,,,,,,,,,,,
17,85642000.0,78793,RIO JACUÍ,27458.53,1981.0,2018.0,37.0,sim,,up,,,,,,,,,,,,,,,,,,,,,,,,,,,,,,,,,,,,,,,,,,,,,,,,,,,,,,,,,,,,,,,,,,,,,,,,,,,,,,,,,,,,,,,,,,,,,,,,,,,,,,,,,,,,,,,,,,,,,,,,,,,,,,,,,,,,,,,,,,,,,,,,,,,,,
18,85623000.0,788435,RIO SÃO SEPÉ,666.41,1984.0,2018.0,34.0,sim,,up,,,,,,,,,,,,,,,,,,,,,,,,,,,,,,,,,,,,,,,,,,,,,,,,,,,,,,,,,,,,,,,,,,,,,,,,,,,,,,,,,,,,,,,,,,,,,,,,,,,,,,,,,,,,,,,,,,,,,,,,,,,,,,,,,,,,,,,,,,,,,,,,,,,,,
19,85610000.0,78849,RIO SÃO SEPÉ,109.01,1981.0,2018.0,37.0,sim,,up,,,,,,,,,,,,,,,,,,,,,,,,,,,,,,,,,,,,,,,,,,,,,,,,,,,,,,,,,,,,,,,,,,,,,,,,,,,,,,,,,,,,,,,,,,,,,,,,,,,,,,,,,,,,,,,,,,,,,,,,,,,,,,,,,,,,,,,,,,,,,,,,,,,,,
20,85600000.0,78853,RIO VACACAÍ,6847.1,1940.0,2018.0,78.0,sim,,up,,,,,,,,,,,,,,,,,,,,,,,,,,,,,,,,,,,,,,,,,,,,,,,,,,,,,,,,,,,,,,,,,,,,,,,,,,,,,,,,,,,,,,,,,,,,,,,,,,,,,,,,,,,,,,,,,,,,,,,,,,,,,,,,,,,,,,,,,,,,,,,,,,,,,
21,85480000.0,788917,RIO VACACAÍ,2985.41,1969.0,2018.0,49.0,sim,,up,,,,,,,,,,,,,,,,,,,,,,,,,,,,,,,,,,,,,,,,,,,,,,,,,,,,,,,,,,,,,,,,,,,,,,,,,,,,,,,,,,,,,,,,,,,,,,,,,,,,,,,,,,,,,,,,,,,,,,,,,,,,,,,,,,,,,,,,,,,,,,,,,,,,,
22,85470000.0,7889771,RIO VACACAÍ,1027.97,1967.0,2018.0,51.0,sim,,up,,,,,,,,,,,,,,,,,,,,,,,,,,,,,,,,,,,,,,,,,,,,,,,,,,,,,,,,,,,,,,,,,,,,,,,,,,,,,,,,,,,,,,,,,,,,,,,,,,,,,,,,,,,,,,,,,,,,,,,,,,,,,,,,,,,,,,,,,,,,,,,,,,,,,
23,85438000.0,78921,RIO VACACAÍ-MIRIM,1122.88,1976.0,2018.0,42.0,sim,,up,,,,,,,,,,,,,,,,,,,,,,,,,,,,,,,,,,,,,,,,,,,,,,,,,,,,,,,,,,,,,,,,,,,,,,,,,,,,,,,,,,,,,,,,,,,,,,,,,,,,,,,,,,,,,,,,,,,,,,,,,,,,,,,,,,,,,,,,,,,,,,,,,,,,,
24,85400000.0,78935,RIO JACUÍ,14036.53,1939.0,2018.0,79.0,sim,,up,,,,,,,,,,,,,,,,,,,,,,,,,,,,,,,,,,,,,,,,,,,,,,,,,,,,,,,,,,,,,,,,,,,,,,,,,,,,,,,,,,,,,,,,,,,,,,,,,,,,,,,,,,,,,,,,,,,,,,,,,,,,,,,,,,,,,,,,,,,,,,,,,,,,,
